instrument_id,instrument_type,year,week,automation_phase,runs,runs_manual,runs_auto,total_minutes,fails,downtime_days,available_min,avg_tat_hr,failure_rate_pct,manual_entry_rate_pct,avg_run_duration_min,utilization_pct,date
BAL_01,Analytical_Balance,2024,1,Before_Automation,34,12,22,1484.3,2,0,2880,28.80785714285714,5.88235294117647,35.294117647058826,43.65588235294118,51.53819444444444,2024-01-01
BAL_01,Analytical_Balance,2024,2,Before_Automation,32,10,22,1368.4,1,1,2880,31.343554421768708,3.125,31.25,42.7625,47.51388888888889,2024-01-08
BAL_01,Analytical_Balance,2024,3,Before_Automation,28,9,19,1253.3,3,0,2880,29.407397959183672,10.714285714285714,32.142857142857146,44.760714285714286,43.51736111111111,2024-01-15
BAL_01,Analytical_Balance,2024,4,Before_Automation,30,9,21,1441.2,1,0,2640,31.183333333333337,3.3333333333333335,30.0,48.04,54.59090909090909,2024-01-22
BAL_01,Analytical_Balance,2024,5,Before_Automation,27,9,18,1231.4,1,0,2880,29.587380952380954,3.7037037037037033,33.33333333333333,45.60740740740741,42.75694444444445,2024-01-29
BAL_01,Analytical_Balance,2024,6,Before_Automation,38,11,27,1774.0,3,0,2880,32.86740878169449,7.894736842105263,28.947368421052634,46.68421052631579,61.59722222222223,2024-02-05
BAL_01,Analytical_Balance,2024,7,Before_Automation,32,14,18,1403.5,0,1,2880,29.81278911564626,0.0,43.75,43.859375,48.73263888888889,2024-02-12
BAL_01,Analytical_Balance,2024,8,Before_Automation,30,8,22,1454.9,0,0,2880,30.142857142857142,0.0,26.666666666666668,48.49666666666667,50.517361111111114,2024-02-19
BAL_01,Analytical_Balance,2024,9,Before_Automation,37,11,26,1706.1,0,0,2880,29.26940476190476,0.0,29.72972972972973,46.11081081081081,59.239583333333336,2024-02-26
BAL_01,Analytical_Balance,2024,10,Before_Automation,54,18,36,2360.0,4,0,2880,30.454563492063492,7.4074074074074066,33.33333333333333,43.7037037037037,81.94444444444444,2024-03-04
BAL_01,Analytical_Balance,2024,11,Before_Automation,40,7,33,1763.8,2,0,2880,31.553996598639458,5.0,17.5,44.095,61.24305555555556,2024-03-11
BAL_01,Analytical_Balance,2024,12,Before_Automation,60,22,38,2674.2,0,0,2880,30.277905982905985,0.0,36.666666666666664,44.57,92.85416666666666,2024-03-18
BAL_01,Analytical_Balance,2024,13,Before_Automation,50,20,30,2386.6,2,0,2880,28.61833900226757,4.0,40.0,47.732,82.86805555555556,2024-03-25
BAL_01,Analytical_Balance,2024,14,Before_Automation,45,14,31,2167.3,5,0,2880,33.322277167277164,11.11111111111111,31.11111111111111,48.162222222222226,75.25347222222223,2024-04-01
BAL_01,Analytical_Balance,2024,15,Before_Automation,59,25,34,2717.4,4,0,2880,29.514406307977737,6.779661016949152,42.3728813559322,46.05762711864407,94.35416666666667,2024-04-08
BAL_01,Analytical_Balance,2024,16,Before_Automation,61,25,36,2674.9,0,0,2880,30.164838217338218,0.0,40.98360655737705,43.85081967213115,92.87847222222223,2024-04-15
BAL_01,Analytical_Balance,2024,17,Before_Automation,38,17,21,1687.6,0,0,2880,29.856785714285714,0.0,44.73684210526316,44.41052631578947,58.59722222222222,2024-04-22
BAL_01,Analytical_Balance,2024,18,Before_Automation,59,18,41,2610.9,2,0,2880,28.769920634920634,3.389830508474576,30.508474576271187,44.25254237288136,90.65625,2024-04-29
BAL_01,Analytical_Balance,2024,19,Before_Automation,51,13,38,2273.5,2,0,2880,30.620306776556777,3.9215686274509802,25.49019607843137,44.57843137254902,78.94097222222223,2024-05-06
BAL_01,Analytical_Balance,2024,20,Before_Automation,35,13,22,1506.8,3,0,2880,29.460374149659863,8.571428571428571,37.142857142857146,43.05142857142857,52.31944444444444,2024-05-13
BAL_01,Analytical_Balance,2024,21,Before_Automation,54,19,35,2615.5,6,0,2880,29.3347052154195,11.11111111111111,35.18518518518518,48.43518518518518,90.81597222222221,2024-05-20
BAL_01,Analytical_Balance,2024,22,Before_Automation,39,16,23,1607.0,1,1,2880,29.829002267573696,2.564102564102564,41.02564102564102,41.205128205128204,55.79861111111111,2024-05-27
BAL_01,Analytical_Balance,2024,23,Before_Automation,39,13,26,1625.0,1,0,2880,29.453826530612243,2.564102564102564,33.33333333333333,41.666666666666664,56.423611111111114,2024-06-03
BAL_01,Analytical_Balance,2024,24,Before_Automation,35,9,26,1647.1,2,0,2880,28.318809523809524,5.714285714285714,25.71428571428571,47.059999999999995,57.190972222222214,2024-06-10
BAL_01,Analytical_Balance,2024,25,Before_Automation,27,9,18,1176.2,2,0,2640,30.959999999999997,7.4074074074074066,33.33333333333333,43.56296296296296,44.553030303030305,2024-06-17
BAL_01,Analytical_Balance,2024,26,Before_Automation,39,12,27,1887.3,3,0,2880,31.221564625850338,7.6923076923076925,30.76923076923077,48.39230769230769,65.53125,2024-06-24
BAL_01,Analytical_Balance,2024,27,After_Automation,45,5,40,2175.0,6,0,2880,21.687698412698413,13.333333333333334,11.11111111111111,48.333333333333336,75.52083333333334,2024-07-01
BAL_01,Analytical_Balance,2024,28,After_Automation,37,1,36,1748.8000000000002,2,0,2880,22.203333333333337,5.405405405405405,2.7027027027027026,47.26486486486487,60.722222222222236,2024-07-08
BAL_01,Analytical_Balance,2024,29,After_Automation,44,6,38,1907.7,0,0,2880,23.037765567765568,0.0,13.636363636363635,43.356818181818184,66.23958333333333,2024-07-15
BAL_01,Analytical_Balance,2024,30,After_Automation,36,4,32,1543.3,5,1,2880,20.972176870748296,13.88888888888889,11.11111111111111,42.86944444444444,53.58680555555555,2024-07-22
BAL_01,Analytical_Balance,2024,31,After_Automation,38,4,34,1757.2,1,0,2880,22.23186147186147,2.631578947368421,10.526315789473683,46.242105263157896,61.01388888888889,2024-07-29
BAL_01,Analytical_Balance,2024,32,After_Automation,44,3,41,2039.0,4,0,2880,22.3183658008658,9.090909090909092,6.8181818181818175,46.34090909090909,70.79861111111111,2024-08-05
BAL_01,Analytical_Balance,2024,33,After_Automation,46,7,39,2045.1,1,0,2880,20.59444444444444,2.1739130434782608,15.217391304347828,44.45869565217391,71.01041666666667,2024-08-12
BAL_01,Analytical_Balance,2024,34,After_Automation,39,4,35,1654.7,1,1,2640,22.45851851851852,2.564102564102564,10.256410256410255,42.42820512820513,62.678030303030305,2024-08-19
BAL_01,Analytical_Balance,2024,35,After_Automation,28,2,26,1284.7,1,0,2640,23.535370370370373,3.571428571428571,7.142857142857142,45.88214285714286,48.66287878787879,2024-08-26
BAL_01,Analytical_Balance,2024,36,After_Automation,61,6,55,2658.3,4,0,2880,21.077804576376003,6.557377049180328,9.836065573770492,43.57868852459017,92.30208333333334,2024-09-02
BAL_01,Analytical_Balance,2024,37,After_Automation,72,9,63,3168.5,5,0,2880,22.094747284878867,6.944444444444445,12.5,44.00694444444444,100.0,2024-09-09
BAL_01,Analytical_Balance,2024,38,After_Automation,61,8,53,2955.0,3,0,2880,22.372541743970316,4.918032786885246,13.114754098360656,48.442622950819676,100.0,2024-09-16
BAL_01,Analytical_Balance,2024,39,After_Automation,60,4,56,2805.0,2,0,2880,22.51569073783359,3.3333333333333335,6.666666666666667,46.75,97.39583333333334,2024-09-23
BAL_01,Analytical_Balance,2024,40,After_Automation,72,10,62,3322.1,7,0,2880,21.389209837781266,9.722222222222223,13.88888888888889,46.140277777777776,100.0,2024-09-30
BAL_01,Analytical_Balance,2024,41,After_Automation,62,11,51,2828.2,4,0,2880,21.12799755799756,6.451612903225806,17.741935483870968,45.61612903225806,98.20138888888889,2024-10-07
BAL_01,Analytical_Balance,2024,42,After_Automation,50,12,38,2189.7000000000003,0,0,2880,22.56597608740466,0.0,24.0,43.794000000000004,76.03125,2024-10-14
BAL_01,Analytical_Balance,2024,43,After_Automation,66,6,60,2829.6,1,0,2880,21.105627705627708,1.5151515151515151,9.090909090909092,42.872727272727275,98.25,2024-10-21
BAL_01,Analytical_Balance,2024,44,After_Automation,64,8,56,2918.6,5,0,2880,22.054551638837353,7.8125,12.5,45.603125,100.0,2024-10-28
BAL_01,Analytical_Balance,2024,45,After_Automation,57,4,53,2761.5,7,0,2880,20.952539682539683,12.280701754385964,7.017543859649122,48.44736842105263,95.88541666666667,2024-11-04
BAL_01,Analytical_Balance,2024,46,After_Automation,60,7,53,2739.9,4,0,2880,21.722539682539683,6.666666666666667,11.666666666666666,45.665,95.13541666666667,2024-11-11
BAL_01,Analytical_Balance,2024,47,After_Automation,58,8,50,2537.9,3,0,2880,23.936587816944957,5.172413793103448,13.793103448275861,43.75689655172414,88.12152777777779,2024-11-18
BAL_01,Analytical_Balance,2024,48,After_Automation,59,5,54,2616.7,3,0,2880,21.791292517006802,5.084745762711865,8.47457627118644,44.35084745762712,90.85763888888889,2024-11-25
BAL_01,Analytical_Balance,2024,49,After_Automation,42,9,33,1805.0,1,0,2880,21.77547309833024,2.380952380952381,21.428571428571427,42.976190476190474,62.673611111111114,2024-12-02
BAL_01,Analytical_Balance,2024,50,After_Automation,42,0,42,1913.9,0,0,2880,23.648968253968256,0.0,0.0,45.56904761904762,66.45486111111111,2024-12-09
BAL_01,Analytical_Balance,2024,51,After_Automation,36,4,32,1745.5,2,0,2880,21.429115646258502,5.555555555555555,11.11111111111111,48.486111111111114,60.60763888888889,2024-12-16
BAL_01,Analytical_Balance,2024,52,After_Automation,41,6,35,2022.4,5,0,2880,22.073197278911568,12.195121951219512,14.634146341463413,49.326829268292684,70.22222222222223,2024-12-23
BAL_01,Analytical_Balance,2025,1,After_Automation,4,0,4,155.3,1,0,480,26.7,25.0,0.0,38.825,32.354166666666664,2024-12-30
HPLC_01,HPLC,2024,1,Before_Automation,26,8,18,1047.5,0,0,2880,27.527891156462584,0.0,30.76923076923077,40.28846153846154,36.37152777777778,2024-01-01
HPLC_01,HPLC,2024,2,Before_Automation,23,7,16,1036.8,0,1,2880,31.464285714285715,0.0,30.434782608695656,45.07826086956521,36.0,2024-01-08
HPLC_01,HPLC,2024,3,Before_Automation,19,9,10,895.5,0,0,2640,30.75888888888889,0.0,47.368421052631575,47.13157894736842,33.92045454545455,2024-01-15
HPLC_01,HPLC,2024,4,Before_Automation,17,3,14,781.0999999999999,1,1,2400,32.297333333333334,5.88235294117647,17.647058823529413,45.9470588235294,32.54583333333333,2024-01-22
HPLC_01,HPLC,2024,5,Before_Automation,17,6,11,780.5,0,0,2400,30.080555555555552,0.0,35.294117647058826,45.911764705882355,32.52083333333333,2024-01-29
HPLC_01,HPLC,2024,6,Before_Automation,16,4,12,736.7,0,0,2640,27.708333333333332,0.0,25.0,46.04375,27.90530303030303,2024-02-05
HPLC_01,HPLC,2024,7,Before_Automation,20,11,9,948.5,0,0,2640,30.141269841269843,0.0,55.00000000000001,47.425,35.9280303030303,2024-02-12
HPLC_01,HPLC,2024,8,Before_Automation,20,6,14,1070.6,0,0,2400,28.458333333333336,0.0,30.0,53.529999999999994,44.60833333333333,2024-02-19
HPLC_01,HPLC,2024,9,Before_Automation,21,6,15,886.2,1,0,2880,27.10047619047619,4.761904761904762,28.57142857142857,42.2,30.770833333333336,2024-02-26
HPLC_01,HPLC,2024,10,Before_Automation,46,15,31,2149.2,3,0,2880,28.78718820861678,6.521739130434782,32.608695652173914,46.72173913043478,74.625,2024-03-04
HPLC_01,HPLC,2024,11,Before_Automation,23,10,13,978.1,1,0,2880,30.767857142857142,4.3478260869565215,43.47826086956522,42.52608695652174,33.96180555555556,2024-03-11
HPLC_01,HPLC,2024,12,Before_Automation,29,5,24,1344.1,2,0,2880,31.338809523809523,6.896551724137931,17.24137931034483,46.34827586206896,46.670138888888886,2024-03-18
HPLC_01,HPLC,2024,13,Before_Automation,34,12,22,1483.0,0,0,2880,30.846666666666668,0.0,35.294117647058826,43.61764705882353,51.49305555555556,2024-03-25
HPLC_01,HPLC,2024,14,Before_Automation,34,9,25,1607.8999999999999,2,0,2880,28.44769635126778,5.88235294117647,26.47058823529412,47.29117647058823,55.8298611111111,2024-04-01
HPLC_01,HPLC,2024,15,Before_Automation,28,13,15,1229.6,2,0,2160,31.78722222222222,7.142857142857142,46.42857142857143,43.91428571428571,56.925925925925924,2024-04-08
HPLC_01,HPLC,2024,16,Before_Automation,35,10,25,1380.5,1,0,2880,31.05654761904762,2.857142857142857,28.57142857142857,39.44285714285714,47.93402777777778,2024-04-15
HPLC_01,HPLC,2024,17,Before_Automation,34,11,23,1475.3,1,0,2880,28.330408163265307,2.941176470588235,32.35294117647059,43.391176470588235,51.22569444444445,2024-04-22
HPLC_01,HPLC,2024,18,Before_Automation,24,12,12,971.6,3,0,2640,31.36345238095238,12.5,50.0,40.483333333333334,36.803030303030305,2024-04-29
HPLC_01,HPLC,2024,19,Before_Automation,29,8,21,1316.1,3,0,2880,31.207346938775512,10.344827586206897,27.586206896551722,45.38275862068965,45.697916666666664,2024-05-06
HPLC_01,HPLC,2024,20,Before_Automation,30,10,20,1419.8,0,0,2880,29.437142857142856,0.0,33.33333333333333,47.32666666666667,49.29861111111111,2024-05-13
HPLC_01,HPLC,2024,21,Before_Automation,27,9,18,1274.1,1,0,2880,28.888843537414967,3.7037037037037033,33.33333333333333,47.18888888888888,44.23958333333333,2024-05-20
HPLC_01,HPLC,2024,22,Before_Automation,38,17,21,1604.8,1,1,2880,29.686462585034015,2.631578947368421,44.73684210526316,42.23157894736842,55.722222222222214,2024-05-27
HPLC_01,HPLC,2024,23,Before_Automation,17,4,13,777.5999999999999,0,0,2880,31.442857142857143,0.0,23.52941176470588,45.74117647058823,26.999999999999996,2024-06-03
HPLC_01,HPLC,2024,24,Before_Automation,15,10,5,637.8,0,0,2640,30.61833333333333,0.0,66.66666666666666,42.519999999999996,24.159090909090907,2024-06-10
HPLC_01,HPLC,2024,25,Before_Automation,24,10,14,1034.0,0,0,2880,27.144149659863945,0.0,41.66666666666667,43.083333333333336,35.90277777777778,2024-06-17
HPLC_01,HPLC,2024,26,Before_Automation,16,3,13,709.9,0,0,2640,31.882222222222225,0.0,18.75,44.36875,26.890151515151516,2024-06-24
HPLC_01,HPLC,2024,27,After_Automation,31,8,23,1321.2,1,0,2880,22.16122448979592,3.225806451612903,25.806451612903224,42.619354838709675,45.875,2024-07-01
HPLC_01,HPLC,2024,28,After_Automation,26,0,26,1218.6000000000001,0,0,2880,22.024047619047618,0.0,0.0,46.869230769230775,42.3125,2024-07-08
HPLC_01,HPLC,2024,29,After_Automation,22,4,18,869.7,1,0,2640,22.32380952380952,4.545454545454546,18.181818181818183,39.53181818181818,32.94318181818182,2024-07-15
HPLC_01,HPLC,2024,30,After_Automation,16,3,13,718.4,3,1,2640,21.464444444444442,18.75,18.75,44.9,27.21212121212121,2024-07-22
HPLC_01,HPLC,2024,31,After_Automation,23,4,19,936.4,2,0,2880,24.896428571428572,8.695652173913043,17.391304347826086,40.71304347826087,32.513888888888886,2024-07-29
HPLC_01,HPLC,2024,32,After_Automation,21,1,20,1038.4,2,0,2640,23.188888888888886,9.523809523809524,4.761904761904762,49.44761904761905,39.333333333333336,2024-08-05
HPLC_01,HPLC,2024,33,After_Automation,31,2,29,1390.2,2,0,2880,22.17892857142857,6.451612903225806,6.451612903225806,44.84516129032258,48.270833333333336,2024-08-12
HPLC_01,HPLC,2024,34,After_Automation,22,2,20,1016.9,1,0,2880,20.714421768707485,4.545454545454546,9.090909090909092,46.22272727272727,35.30902777777778,2024-08-19
HPLC_01,HPLC,2024,35,After_Automation,30,10,20,1477.4,2,0,2880,22.343231292517007,6.666666666666667,33.33333333333333,49.24666666666667,51.298611111111114,2024-08-26
HPLC_01,HPLC,2024,36,After_Automation,30,4,26,1398.0,2,0,2640,23.23375,6.666666666666667,13.333333333333334,46.6,52.95454545454545,2024-09-02
HPLC_01,HPLC,2024,37,After_Automation,40,9,31,1791.9,1,0,2880,21.59857142857143,2.5,22.5,44.7975,62.21875,2024-09-09
HPLC_01,HPLC,2024,38,After_Automation,35,5,30,1486.9,3,1,2880,20.176020408163264,8.571428571428571,14.285714285714285,42.48285714285714,51.62847222222222,2024-09-16
HPLC_01,HPLC,2024,39,After_Automation,29,4,25,1426.0,1,0,2880,22.998214285714287,3.4482758620689653,13.793103448275861,49.172413793103445,49.51388888888889,2024-09-23
HPLC_01,HPLC,2024,40,After_Automation,39,6,33,1722.2,4,1,2880,21.536666666666665,10.256410256410255,15.384615384615385,44.15897435897436,59.798611111111114,2024-09-30
HPLC_01,HPLC,2024,41,After_Automation,36,2,34,1647.2,1,1,2880,22.076678004535147,2.7777777777777777,5.555555555555555,45.75555555555556,57.19444444444445,2024-10-07
HPLC_01,HPLC,2024,42,After_Automation,31,4,27,1446.3,0,0,2880,19.956836734693876,0.0,12.903225806451612,46.65483870967742,50.21875,2024-10-14
HPLC_01,HPLC,2024,43,After_Automation,29,4,25,1357.6000000000001,2,0,2880,21.205000000000002,6.896551724137931,13.793103448275861,46.81379310344828,47.13888888888889,2024-10-21
HPLC_01,HPLC,2024,44,After_Automation,39,3,36,1727.8,2,0,2880,20.51784013605442,5.128205128205128,7.6923076923076925,44.3025641025641,59.99305555555555,2024-10-28
HPLC_01,HPLC,2024,45,After_Automation,42,2,40,1977.7,2,0,2880,21.24277777777778,4.761904761904762,4.761904761904762,47.08809523809524,68.67013888888889,2024-11-04
HPLC_01,HPLC,2024,46,After_Automation,33,4,29,1611.7,3,0,2880,20.885544217687077,9.090909090909092,12.121212121212121,48.83939393939394,55.96180555555556,2024-11-11
HPLC_01,HPLC,2024,47,After_Automation,39,6,33,1691.4,2,1,2880,20.943395691609975,5.128205128205128,15.384615384615385,43.369230769230775,58.729166666666664,2024-11-18
HPLC_01,HPLC,2024,48,After_Automation,38,7,31,1684.8,3,0,2880,22.362473716759432,7.894736842105263,18.421052631578945,44.33684210526316,58.5,2024-11-25
HPLC_01,HPLC,2024,49,After_Automation,26,2,24,1297.3999999999999,2,0,2880,23.482142857142858,7.6923076923076925,7.6923076923076925,49.89999999999999,45.04861111111111,2024-12-02
HPLC_01,HPLC,2024,50,After_Automation,27,4,23,1340.8,2,1,2640,23.23,7.4074074074074066,14.814814814814813,49.65925925925926,50.78787878787878,2024-12-09
HPLC_01,HPLC,2024,51,After_Automation,35,4,31,1598.0,2,0,2880,22.80875850340136,5.714285714285714,11.428571428571429,45.65714285714286,55.486111111111114,2024-12-16
HPLC_01,HPLC,2024,52,After_Automation,22,2,20,1112.8,2,0,2880,20.345408163265308,9.090909090909092,9.090909090909092,50.58181818181818,38.638888888888886,2024-12-23
HPLC_01,HPLC,2025,1,After_Automation,3,0,3,137.3,0,0,480,19.900000000000002,0.0,0.0,45.76666666666667,28.604166666666668,2024-12-30
HPLC_02,HPLC,2024,1,Before_Automation,18,6,12,676.5999999999999,3,0,2640,29.097222222222225,16.666666666666664,33.33333333333333,37.58888888888888,25.628787878787872,2024-01-01
HPLC_02,HPLC,2024,2,Before_Automation,28,12,16,1295.9,1,0,2640,28.834523809523805,3.571428571428571,42.857142857142854,46.28214285714286,49.08712121212122,2024-01-08
HPLC_02,HPLC,2024,3,Before_Automation,23,6,17,922.3,1,0,2640,31.404166666666665,4.3478260869565215,26.08695652173913,40.1,34.93560606060606,2024-01-15
HPLC_02,HPLC,2024,4,Before_Automation,25,11,14,1089.9,3,1,2880,32.660000000000004,12.0,44.0,43.596000000000004,37.84375000000001,2024-01-22
HPLC_02,HPLC,2024,5,Before_Automation,10,2,8,434.5,0,1,2400,31.333333333333332,0.0,20.0,43.45,18.104166666666664,2024-01-29
HPLC_02,HPLC,2024,6,Before_Automation,20,11,9,912.3,0,0,2640,31.50277777777778,0.0,55.00000000000001,45.614999999999995,34.55681818181818,2024-02-05
HPLC_02,HPLC,2024,7,Before_Automation,16,6,10,748.1999999999999,3,0,2400,29.902777777777782,18.75,37.5,46.762499999999996,31.174999999999997,2024-02-12
HPLC_02,HPLC,2024,8,Before_Automation,22,10,12,1031.8,1,0,2880,27.29047619047619,4.545454545454546,45.45454545454545,46.9,35.826388888888886,2024-02-19
HPLC_02,HPLC,2024,9,Before_Automation,21,6,15,1030.5,1,0,2880,30.881904761904764,4.761904761904762,28.57142857142857,49.07142857142857,35.78125,2024-02-26
HPLC_02,HPLC,2024,10,Before_Automation,35,13,22,1606.0,4,0,2880,29.100833333333334,11.428571428571429,37.142857142857146,45.885714285714286,55.76388888888889,2024-03-04
HPLC_02,HPLC,2024,11,Before_Automation,33,13,20,1523.1,1,0,2880,31.075170068027212,3.0303030303030303,39.39393939393939,46.15454545454545,52.885416666666664,2024-03-11
HPLC_02,HPLC,2024,12,Before_Automation,26,10,16,1180.5,2,1,2880,30.26190476190476,7.6923076923076925,38.46153846153847,45.40384615384615,40.989583333333336,2024-03-18
HPLC_02,HPLC,2024,13,Before_Automation,29,15,14,1285.6000000000001,0,0,2880,29.11785714285714,0.0,51.724137931034484,44.331034482758625,44.63888888888889,2024-03-25
HPLC_02,HPLC,2024,14,Before_Automation,30,9,21,1400.9,1,2,2880,29.112380952380953,3.3333333333333335,30.0,46.69666666666667,48.642361111111114,2024-04-01
HPLC_02,HPLC,2024,15,Before_Automation,27,10,17,1168.7,0,0,2400,29.677999999999997,0.0,37.03703703703704,43.285185185185185,48.69583333333333,2024-04-08
HPLC_02,HPLC,2024,16,Before_Automation,25,9,16,1259.3,0,0,2880,32.20302721088435,0.0,36.0,50.372,43.72569444444444,2024-04-15
HPLC_02,HPLC,2024,17,Before_Automation,27,8,19,1180.7,2,0,2640,28.90111111111111,7.4074074074074066,29.629629629629626,43.729629629629635,44.72348484848485,2024-04-22
HPLC_02,HPLC,2024,18,Before_Automation,28,3,25,1280.0,2,1,2880,30.657823129251703,7.142857142857142,10.714285714285714,45.714285714285715,44.44444444444444,2024-04-29
HPLC_02,HPLC,2024,19,Before_Automation,37,17,20,1726.4,1,0,2640,29.895,2.7027027027027026,45.94594594594595,46.65945945945946,65.39393939393939,2024-05-06
HPLC_02,HPLC,2024,20,Before_Automation,30,9,21,1285.8,1,0,2880,30.020204081632652,3.3333333333333335,30.0,42.86,44.64583333333333,2024-05-13
HPLC_02,HPLC,2024,21,Before_Automation,21,9,12,919.6999999999999,0,2,2160,29.69666666666667,0.0,42.857142857142854,43.79523809523809,42.5787037037037,2024-05-20
HPLC_02,HPLC,2024,22,Before_Automation,33,12,21,1457.2,0,0,2880,29.35611111111111,0.0,36.36363636363637,44.157575757575756,50.59722222222223,2024-05-27
HPLC_02,HPLC,2024,23,Before_Automation,17,4,13,733.1,0,0,2640,29.622222222222224,0.0,23.52941176470588,43.12352941176471,27.768939393939394,2024-06-03
HPLC_02,HPLC,2024,24,Before_Automation,21,4,17,971.5,1,0,2880,30.902380952380952,4.761904761904762,19.047619047619047,46.26190476190476,33.732638888888886,2024-06-10
HPLC_02,HPLC,2024,25,Before_Automation,21,9,12,999.0,0,0,2880,31.16714285714286,0.0,42.857142857142854,47.57142857142857,34.6875,2024-06-17
HPLC_02,HPLC,2024,26,Before_Automation,22,12,10,1001.9000000000001,2,0,2400,30.57057142857143,9.090909090909092,54.54545454545454,45.540909090909096,41.74583333333334,2024-06-24
HPLC_02,HPLC,2024,27,After_Automation,19,2,17,862.2,0,1,2880,21.697619047619046,0.0,10.526315789473683,45.37894736842105,29.9375,2024-07-01
HPLC_02,HPLC,2024,28,After_Automation,26,3,23,1107.7,2,0,2880,22.039682539682538,7.6923076923076925,11.538461538461538,42.603846153846156,38.46180555555556,2024-07-08
HPLC_02,HPLC,2024,29,After_Automation,36,7,29,1621.3999999999999,0,0,2880,22.602891156462587,0.0,19.444444444444446,45.038888888888884,56.29861111111111,2024-07-15
HPLC_02,HPLC,2024,30,After_Automation,21,3,18,1002.3000000000001,3,0,2880,23.00952380952381,14.285714285714285,14.285714285714285,47.728571428571435,34.802083333333336,2024-07-22
HPLC_02,HPLC,2024,31,After_Automation,36,7,29,1651.4,2,1,2880,21.60904195011338,5.555555555555555,19.444444444444446,45.87222222222223,57.34027777777778,2024-07-29
HPLC_02,HPLC,2024,32,After_Automation,19,4,15,878.8,0,1,2400,21.48234126984127,0.0,21.052631578947366,46.252631578947366,36.61666666666667,2024-08-05
HPLC_02,HPLC,2024,33,After_Automation,23,4,19,1010.5999999999999,1,0,2880,21.358843537414966,4.3478260869565215,17.391304347826086,43.939130434782605,35.09027777777777,2024-08-12
HPLC_02,HPLC,2024,34,After_Automation,37,5,32,1701.0,3,0,2880,21.65730158730159,8.108108108108109,13.513513513513514,45.972972972972975,59.06249999999999,2024-08-19
HPLC_02,HPLC,2024,35,After_Automation,26,4,22,1254.5,0,0,2880,21.45809523809524,0.0,15.384615384615385,48.25,43.55902777777778,2024-08-26
HPLC_02,HPLC,2024,36,After_Automation,35,2,33,1639.3,2,0,2880,21.415,5.714285714285714,5.714285714285714,46.83714285714286,56.920138888888886,2024-09-02
HPLC_02,HPLC,2024,37,After_Automation,37,5,32,1637.4,2,0,2880,20.733820346320346,5.405405405405405,13.513513513513514,44.25405405405406,56.85416666666667,2024-09-09
HPLC_02,HPLC,2024,38,After_Automation,42,9,33,1894.6,3,0,2880,20.27688775510204,7.142857142857142,21.428571428571427,45.10952380952381,65.78472222222221,2024-09-16
HPLC_02,HPLC,2024,39,After_Automation,48,9,39,2036.8000000000002,1,0,2880,22.793864468864466,2.083333333333333,18.75,42.43333333333334,70.72222222222223,2024-09-23
HPLC_02,HPLC,2024,40,After_Automation,39,6,33,1670.8,2,0,2880,23.453888888888887,5.128205128205128,15.384615384615385,42.84102564102564,58.013888888888886,2024-09-30
HPLC_02,HPLC,2024,41,After_Automation,35,3,32,1490.2,3,0,2880,22.007256235827665,8.571428571428571,8.571428571428571,42.57714285714286,51.743055555555564,2024-10-07
HPLC_02,HPLC,2024,42,After_Automation,25,1,24,1086.6,1,1,2880,23.204761904761906,4.0,4.0,43.464,37.729166666666664,2024-10-14
HPLC_02,HPLC,2024,43,After_Automation,31,2,29,1405.0,1,1,2880,22.674285714285713,3.225806451612903,6.451612903225806,45.32258064516129,48.78472222222222,2024-10-21
HPLC_02,HPLC,2024,44,After_Automation,39,5,34,1827.1,0,0,2640,23.27622150997151,0.0,12.82051282051282,46.84871794871795,69.20833333333333,2024-10-28
HPLC_02,HPLC,2024,45,After_Automation,26,4,22,1126.0,2,0,2640,22.433333333333334,7.6923076923076925,15.384615384615385,43.30769230769231,42.65151515151515,2024-11-04
HPLC_02,HPLC,2024,46,After_Automation,32,5,27,1544.7,2,0,2880,22.515646258503402,6.25,15.625,48.271875,53.63541666666667,2024-11-11
HPLC_02,HPLC,2024,47,After_Automation,36,5,31,1598.0,0,0,2880,20.43609977324263,0.0,13.88888888888889,44.388888888888886,55.486111111111114,2024-11-18
HPLC_02,HPLC,2024,48,After_Automation,47,4,43,2030.1,4,1,2640,21.43374518999519,8.51063829787234,8.51063829787234,43.193617021276594,76.89772727272727,2024-11-25
HPLC_02,HPLC,2024,49,After_Automation,18,3,15,856.0,0,0,2880,23.047619047619047,0.0,16.666666666666664,47.55555555555556,29.72222222222222,2024-12-02
HPLC_02,HPLC,2024,50,After_Automation,28,2,26,1291.6,0,1,2880,19.549761904761905,0.0,7.142857142857142,46.128571428571426,44.84722222222222,2024-12-09
HPLC_02,HPLC,2024,51,After_Automation,25,3,22,1034.4,2,0,2880,23.246190476190474,8.0,12.0,41.376000000000005,35.91666666666667,2024-12-16
HPLC_02,HPLC,2024,52,After_Automation,29,3,26,1295.1,0,0,2880,23.923809523809524,0.0,10.344827586206897,44.658620689655166,44.96874999999999,2024-12-23
HPLC_02,HPLC,2025,1,After_Automation,3,1,2,129.7,0,0,480,20.333333333333332,0.0,33.33333333333333,43.23333333333333,27.020833333333332,2024-12-30
LUM_01,Luminometer,2024,1,Before_Automation,10,3,7,441.3,1,0,2160,29.68,10.0,30.0,44.13,20.430555555555557,2024-01-01
LUM_01,Luminometer,2024,2,Before_Automation,14,4,10,665.4,1,0,2880,29.735714285714288,7.142857142857142,28.57142857142857,47.528571428571425,23.104166666666664,2024-01-08
LUM_01,Luminometer,2024,3,Before_Automation,10,3,7,422.5,0,0,2160,29.40333333333333,0.0,30.0,42.25,19.560185185185187,2024-01-15
LUM_01,Luminometer,2024,4,Before_Automation,7,2,5,304.2,0,0,1680,27.5625,0.0,28.57142857142857,43.457142857142856,18.107142857142858,2024-01-22
LUM_01,Luminometer,2024,5,Before_Automation,9,3,6,389.4,1,0,2640,30.8,11.11111111111111,33.33333333333333,43.266666666666666,14.75,2024-01-29
LUM_01,Luminometer,2024,6,Before_Automation,7,5,2,285.6,1,0,2640,32.49166666666667,14.285714285714285,71.42857142857143,40.800000000000004,10.818181818181818,2024-02-05
LUM_01,Luminometer,2024,7,Before_Automation,18,1,17,921.8,3,0,2400,29.255000000000003,16.666666666666664,5.555555555555555,51.21111111111111,38.40833333333333,2024-02-12
LUM_01,Luminometer,2024,8,Before_Automation,8,2,6,370.2,1,0,2160,32.21666666666666,12.5,25.0,46.275,17.13888888888889,2024-02-19
LUM_01,Luminometer,2024,9,Before_Automation,17,5,12,709.6,1,0,2640,29.343055555555555,5.88235294117647,29.411764705882355,41.741176470588236,26.87878787878788,2024-02-26
LUM_01,Luminometer,2024,10,Before_Automation,21,10,11,937.0,2,0,2640,31.037619047619046,9.523809523809524,47.61904761904761,44.61904761904762,35.49242424242424,2024-03-04
LUM_01,Luminometer,2024,11,Before_Automation,14,2,12,615.4,0,0,2880,30.04642857142857,0.0,14.285714285714285,43.957142857142856,21.368055555555554,2024-03-11
LUM_01,Luminometer,2024,12,Before_Automation,18,7,11,810.5,2,0,2640,30.86388888888889,11.11111111111111,38.88888888888889,45.02777777777778,30.700757575757574,2024-03-18
LUM_01,Luminometer,2024,13,Before_Automation,19,4,15,806.0999999999999,3,1,2640,30.79722222222222,15.789473684210526,21.052631578947366,42.426315789473676,30.534090909090907,2024-03-25
LUM_01,Luminometer,2024,14,Before_Automation,18,7,11,802.7,3,0,2640,28.816666666666666,16.666666666666664,38.88888888888889,44.59444444444445,30.40530303030303,2024-04-01
LUM_01,Luminometer,2024,15,Before_Automation,13,5,8,517.5,0,0,2880,31.13452380952381,0.0,38.46153846153847,39.80769230769231,17.96875,2024-04-08
LUM_01,Luminometer,2024,16,Before_Automation,13,5,8,645.6,1,0,2880,31.29047619047619,7.6923076923076925,38.46153846153847,49.66153846153846,22.416666666666668,2024-04-15
LUM_01,Luminometer,2024,17,Before_Automation,18,8,10,749.5,1,0,2400,28.865000000000002,5.555555555555555,44.44444444444444,41.638888888888886,31.229166666666668,2024-04-22
LUM_01,Luminometer,2024,18,Before_Automation,18,2,16,785.1,1,0,1920,28.565952380952382,5.555555555555555,11.11111111111111,43.61666666666667,40.890625,2024-04-29
LUM_01,Luminometer,2024,19,Before_Automation,21,6,15,955.0,0,1,2880,29.621496598639457,0.0,28.57142857142857,45.476190476190474,33.15972222222222,2024-05-06
LUM_01,Luminometer,2024,20,Before_Automation,17,10,7,738.2,2,0,2400,32.152,11.76470588235294,58.82352941176471,43.42352941176471,30.758333333333336,2024-05-13
LUM_01,Luminometer,2024,21,Before_Automation,18,4,14,792.0,2,0,2880,28.876190476190477,11.11111111111111,22.22222222222222,44.0,27.500000000000004,2024-05-20
LUM_01,Luminometer,2024,22,Before_Automation,13,8,5,529.6999999999999,0,0,2400,29.938333333333333,0.0,61.53846153846154,40.74615384615384,22.070833333333333,2024-05-27
LUM_01,Luminometer,2024,23,Before_Automation,14,6,8,644.9,1,0,1920,30.744999999999997,7.142857142857142,42.857142857142854,46.06428571428571,33.588541666666664,2024-06-03
LUM_01,Luminometer,2024,24,Before_Automation,15,6,9,750.7,0,1,2880,32.975,0.0,40.0,50.04666666666667,26.06597222222222,2024-06-10
LUM_01,Luminometer,2024,25,Before_Automation,10,2,8,420.20000000000005,1,0,1680,28.052083333333332,10.0,20.0,42.02,25.011904761904763,2024-06-17
LUM_01,Luminometer,2024,26,Before_Automation,17,8,9,739.3000000000001,0,0,2880,31.122619047619047,0.0,47.05882352941176,43.48823529411765,25.670138888888893,2024-06-24
LUM_01,Luminometer,2024,27,After_Automation,9,0,9,405.6,2,0,1920,23.266666666666666,22.22222222222222,0.0,45.06666666666667,21.125000000000004,2024-07-01
LUM_01,Luminometer,2024,28,After_Automation,16,3,13,693.2,1,0,2400,20.286,6.25,18.75,43.325,28.883333333333333,2024-07-08
LUM_01,Luminometer,2024,29,After_Automation,16,1,15,805.2,3,0,2640,19.82638888888889,18.75,6.25,50.325,30.5,2024-07-15
LUM_01,Luminometer,2024,30,After_Automation,11,0,11,385.4,1,0,2640,22.666666666666668,9.090909090909092,0.0,35.03636363636363,14.598484848484846,2024-07-22
LUM_01,Luminometer,2024,31,After_Automation,16,6,10,663.0,0,0,2400,20.924,0.0,37.5,41.4375,27.625,2024-07-29
LUM_01,Luminometer,2024,32,After_Automation,15,1,14,646.6,2,0,2400,22.3,13.333333333333334,6.666666666666667,43.10666666666667,26.94166666666667,2024-08-05
LUM_01,Luminometer,2024,33,After_Automation,10,2,8,440.5,2,0,1920,22.579166666666666,20.0,20.0,44.05,22.942708333333332,2024-08-12
LUM_01,Luminometer,2024,34,After_Automation,12,0,12,537.1,0,1,2640,20.270833333333332,0.0,0.0,44.75833333333333,20.344696969696972,2024-08-19
LUM_01,Luminometer,2024,35,After_Automation,23,2,21,945.5,0,0,2880,23.392380952380954,0.0,8.695652173913043,41.108695652173914,32.829861111111114,2024-08-26
LUM_01,Luminometer,2024,36,After_Automation,22,1,21,957.6999999999999,1,1,2880,22.657619047619047,4.545454545454546,4.545454545454546,43.53181818181818,33.25347222222222,2024-09-02
LUM_01,Luminometer,2024,37,After_Automation,17,1,16,706.4,1,0,2880,20.185714285714287,5.88235294117647,5.88235294117647,41.55294117647059,24.527777777777775,2024-09-09
LUM_01,Luminometer,2024,38,After_Automation,20,5,15,1006.6,1,0,2400,20.412222222222223,5.0,25.0,50.33,41.94166666666666,2024-09-16
LUM_01,Luminometer,2024,39,After_Automation,22,3,19,1100.6,2,0,2880,22.18154761904762,9.090909090909092,13.636363636363635,50.027272727272724,38.21527777777777,2024-09-23
LUM_01,Luminometer,2024,40,After_Automation,16,3,13,768.0,1,1,2400,21.793055555555554,6.25,18.75,48.0,32.0,2024-09-30
LUM_01,Luminometer,2024,41,After_Automation,16,2,14,830.1999999999999,0,0,2640,20.308333333333334,0.0,12.5,51.887499999999996,31.446969696969695,2024-10-07
LUM_01,Luminometer,2024,42,After_Automation,20,1,19,977.7,3,0,2640,21.57166666666667,15.0,5.0,48.885000000000005,37.034090909090914,2024-10-14
LUM_01,Luminometer,2024,43,After_Automation,19,3,16,804.8,2,0,2160,20.98952380952381,10.526315789473683,15.789473684210526,42.357894736842105,37.25925925925926,2024-10-21
LUM_01,Luminometer,2024,44,After_Automation,24,2,22,1036.8,2,0,2880,21.629761904761903,8.333333333333332,8.333333333333332,43.199999999999996,36.0,2024-10-28
LUM_01,Luminometer,2024,45,After_Automation,20,3,17,953.0,2,0,2640,21.16111111111111,10.0,15.0,47.65,36.098484848484844,2024-11-04
LUM_01,Luminometer,2024,46,After_Automation,19,5,14,820.1,1,0,2640,22.09920634920635,5.263157894736842,26.31578947368421,43.16315789473684,31.06439393939394,2024-11-11
LUM_01,Luminometer,2024,47,After_Automation,22,1,21,1013.9000000000001,2,0,2640,20.977222222222224,9.090909090909092,4.545454545454546,46.08636363636364,38.40530303030303,2024-11-18
LUM_01,Luminometer,2024,48,After_Automation,25,3,22,1148.8,1,0,2640,22.965833333333332,4.0,12.0,45.952,43.515151515151516,2024-11-25
LUM_01,Luminometer,2024,49,After_Automation,16,3,13,754.0,0,0,2640,20.65,0.0,18.75,47.125,28.56060606060606,2024-12-02
LUM_01,Luminometer,2024,50,After_Automation,13,1,12,589.5,0,0,2160,21.953,0.0,7.6923076923076925,45.34615384615385,27.291666666666664,2024-12-09
LUM_01,Luminometer,2024,51,After_Automation,6,0,6,265.1,1,1,2400,20.419999999999998,16.666666666666664,0.0,44.18333333333334,11.045833333333334,2024-12-16
LUM_01,Luminometer,2024,52,After_Automation,19,3,16,801.6,0,0,2880,22.806428571428572,0.0,15.789473684210526,42.189473684210526,27.833333333333332,2024-12-23
LUM_01,Luminometer,2025,1,After_Automation,2,1,1,55.599999999999994,0,0,480,21.85,0.0,50.0,27.799999999999997,11.583333333333332,2024-12-30
PH_01,pH_Meter,2024,1,Before_Automation,25,12,13,1135.6,3,0,2880,30.290578231292518,12.0,48.0,45.424,39.43055555555555,2024-01-01
PH_01,pH_Meter,2024,2,Before_Automation,29,12,17,1379.1999999999998,0,0,2640,30.03660714285714,0.0,41.37931034482759,47.558620689655164,52.242424242424235,2024-01-08
PH_01,pH_Meter,2024,3,Before_Automation,23,5,18,996.5,2,0,2640,31.133333333333336,8.695652173913043,21.73913043478261,43.32608695652174,37.74621212121212,2024-01-15
PH_01,pH_Meter,2024,4,Before_Automation,24,10,14,1184.8000000000002,1,0,2640,31.076507936507937,4.166666666666666,41.66666666666667,49.366666666666674,44.87878787878788,2024-01-22
PH_01,pH_Meter,2024,5,Before_Automation,18,5,13,797.2,1,0,2640,33.30654761904762,5.555555555555555,27.77777777777778,44.28888888888889,30.1969696969697,2024-01-29
PH_01,pH_Meter,2024,6,Before_Automation,33,15,18,1545.1000000000001,1,0,2880,29.86734693877551,3.0303030303030303,45.45454545454545,46.82121212121213,53.64930555555556,2024-02-05
PH_01,pH_Meter,2024,7,Before_Automation,31,14,17,1388.8,1,0,2880,30.02857142857143,3.225806451612903,45.16129032258064,44.8,48.22222222222222,2024-02-12
PH_01,pH_Meter,2024,8,Before_Automation,19,10,9,839.1,2,0,2880,27.505442176870748,10.526315789473683,52.63157894736842,44.16315789473684,29.135416666666668,2024-02-19
PH_01,pH_Meter,2024,9,Before_Automation,25,9,16,1151.5,2,0,2400,29.05369047619048,8.0,36.0,46.06,47.979166666666664,2024-02-26
PH_01,pH_Meter,2024,10,Before_Automation,44,16,28,1978.6,1,0,2880,30.1581462585034,2.272727272727273,36.36363636363637,44.96818181818182,68.70138888888889,2024-03-04
PH_01,pH_Meter,2024,11,Before_Automation,37,14,23,1757.6000000000001,1,0,2880,28.32777777777778,2.7027027027027026,37.83783783783784,47.502702702702706,61.02777777777778,2024-03-11
PH_01,pH_Meter,2024,12,Before_Automation,43,21,22,1781.8,2,0,2880,29.908968253968254,4.651162790697675,48.837209302325576,41.43720930232558,61.86805555555556,2024-03-18
PH_01,pH_Meter,2024,13,Before_Automation,25,12,13,1223.8,0,0,2880,32.493095238095236,0.0,48.0,48.952,42.49305555555555,2024-03-25
PH_01,pH_Meter,2024,14,Before_Automation,31,16,15,1478.1,1,0,2880,32.88214285714285,3.225806451612903,51.61290322580645,47.68064516129032,51.322916666666664,2024-04-01
PH_01,pH_Meter,2024,15,Before_Automation,43,14,29,1898.4,0,0,2880,30.471315192743763,0.0,32.55813953488372,44.14883720930233,65.91666666666667,2024-04-08
PH_01,pH_Meter,2024,16,Before_Automation,35,13,22,1693.9,1,0,2880,29.94224489795918,2.857142857142857,37.142857142857146,48.39714285714286,58.81597222222222,2024-04-15
PH_01,pH_Meter,2024,17,Before_Automation,42,9,33,1878.5,2,0,2880,30.344724799010514,4.761904761904762,21.428571428571427,44.726190476190474,65.22569444444444,2024-04-22
PH_01,pH_Meter,2024,18,Before_Automation,31,10,21,1342.9,0,0,2640,32.141468253968256,0.0,32.25806451612903,43.31935483870968,50.86742424242424,2024-04-29
PH_01,pH_Meter,2024,19,Before_Automation,32,13,19,1458.1,1,0,2880,30.607482993197276,3.125,40.625,45.565625,50.62847222222222,2024-05-06
PH_01,pH_Meter,2024,20,Before_Automation,36,10,26,1501.0,2,0,2880,32.10243328100471,5.555555555555555,27.77777777777778,41.69444444444444,52.11805555555556,2024-05-13
PH_01,pH_Meter,2024,21,Before_Automation,34,14,20,1542.1000000000001,0,0,2640,30.198888888888888,0.0,41.17647058823529,45.35588235294118,58.412878787878796,2024-05-20
PH_01,pH_Meter,2024,22,Before_Automation,32,8,24,1401.0,3,0,2640,30.928009259259255,9.375,25.0,43.78125,53.06818181818181,2024-05-27
PH_01,pH_Meter,2024,23,Before_Automation,30,9,21,1323.6,2,0,2880,29.504285714285714,6.666666666666667,30.0,44.12,45.95833333333333,2024-06-03
PH_01,pH_Meter,2024,24,Before_Automation,22,9,13,907.7,0,0,2640,29.973809523809525,0.0,40.909090909090914,41.25909090909091,34.382575757575765,2024-06-10
PH_01,pH_Meter,2024,25,Before_Automation,21,8,13,969.7,1,0,2880,32.51238095238095,4.761904761904762,38.095238095238095,46.17619047619048,33.67013888888889,2024-06-17
PH_01,pH_Meter,2024,26,Before_Automation,37,10,27,1565.6,1,0,2880,30.866785714285715,2.7027027027027026,27.027027027027028,42.31351351351351,54.36111111111111,2024-06-24
PH_01,pH_Meter,2024,27,After_Automation,40,3,37,1677.6,1,0,2880,23.82095238095238,2.5,7.5,41.94,58.25,2024-07-01
PH_01,pH_Meter,2024,28,After_Automation,28,4,24,1220.0,2,0,2880,19.254319727891158,7.142857142857142,14.285714285714285,43.57142857142857,42.36111111111111,2024-07-08
PH_01,pH_Meter,2024,29,After_Automation,44,4,40,2107.3,4,0,2880,21.51841527520099,9.090909090909092,9.090909090909092,47.89318181818182,73.17013888888889,2024-07-15
PH_01,pH_Meter,2024,30,After_Automation,24,5,19,1061.0,0,0,2880,24.371825396825397,0.0,20.833333333333336,44.208333333333336,36.84027777777778,2024-07-22
PH_01,pH_Meter,2024,31,After_Automation,36,5,31,1576.7,2,0,2880,22.435884353741496,5.555555555555555,13.88888888888889,43.797222222222224,54.74652777777778,2024-07-29
PH_01,pH_Meter,2024,32,After_Automation,24,0,24,1181.8,0,0,2880,24.207619047619044,0.0,0.0,49.24166666666667,41.03472222222222,2024-08-05
PH_01,pH_Meter,2024,33,After_Automation,41,6,35,1814.1,2,0,2880,21.8961038961039,4.878048780487805,14.634146341463413,44.24634146341463,62.98958333333333,2024-08-12
PH_01,pH_Meter,2024,34,After_Automation,30,5,25,1217.8,1,0,2880,23.367687074829934,3.3333333333333335,16.666666666666664,40.593333333333334,42.28472222222222,2024-08-19
PH_01,pH_Meter,2024,35,After_Automation,33,1,32,1377.5,0,0,2880,22.484126984126984,0.0,3.0303030303030303,41.74242424242424,47.82986111111111,2024-08-26
PH_01,pH_Meter,2024,36,After_Automation,41,6,35,1815.6,1,0,2880,20.618546691403832,2.4390243902439024,14.634146341463413,44.28292682926829,63.041666666666664,2024-09-02
PH_01,pH_Meter,2024,37,After_Automation,37,5,32,1688.8999999999999,1,0,2640,22.82425925925926,2.7027027027027026,13.513513513513514,45.64594594594594,63.973484848484844,2024-09-09
PH_01,pH_Meter,2024,38,After_Automation,48,10,38,2248.3,2,0,2880,21.68903628117914,4.166666666666666,20.833333333333336,46.83958333333334,78.06597222222223,2024-09-16
PH_01,pH_Meter,2024,39,After_Automation,46,4,42,2007.7,2,0,2880,21.66333333333333,4.3478260869565215,8.695652173913043,43.64565217391304,69.71180555555556,2024-09-23
PH_01,pH_Meter,2024,40,After_Automation,29,0,29,1465.3,1,0,2880,21.203367346938773,3.4482758620689653,0.0,50.52758620689655,50.878472222222214,2024-09-30
PH_01,pH_Meter,2024,41,After_Automation,44,6,38,2134.5,4,0,2880,21.188431013431018,9.090909090909092,13.636363636363635,48.51136363636363,74.11458333333333,2024-10-07
PH_01,pH_Meter,2024,42,After_Automation,50,14,36,2172.3,2,0,2880,22.08656462585034,4.0,28.000000000000004,43.446000000000005,75.42708333333334,2024-10-14
PH_01,pH_Meter,2024,43,After_Automation,46,8,38,2095.4,2,0,2880,20.889830962688105,4.3478260869565215,17.391304347826086,45.55217391304348,72.75694444444444,2024-10-21
PH_01,pH_Meter,2024,44,After_Automation,39,6,33,1807.9,3,0,2880,21.644920634920634,7.6923076923076925,15.384615384615385,46.35641025641026,62.77430555555556,2024-10-28
PH_01,pH_Meter,2024,45,After_Automation,48,4,44,2303.1,3,0,2880,22.34237064522779,6.25,8.333333333333332,47.981249999999996,79.96875,2024-11-04
PH_01,pH_Meter,2024,46,After_Automation,51,5,46,2248.7,6,0,2880,22.060596625596624,11.76470588235294,9.803921568627452,44.09215686274509,78.0798611111111,2024-11-11
PH_01,pH_Meter,2024,47,After_Automation,41,1,40,1982.8,1,0,2880,20.959603174603178,2.4390243902439024,2.4390243902439024,48.360975609756096,68.84722222222221,2024-11-18
PH_01,pH_Meter,2024,48,After_Automation,50,5,45,2227.3,2,0,2880,21.71660997732426,4.0,10.0,44.54600000000001,77.33680555555557,2024-11-25
PH_01,pH_Meter,2024,49,After_Automation,35,5,30,1654.7,0,1,2880,20.166326530612245,0.0,14.285714285714285,47.277142857142856,57.454861111111114,2024-12-02
PH_01,pH_Meter,2024,50,After_Automation,27,7,20,1187.7,2,0,2880,22.505,7.4074074074074066,25.925925925925924,43.98888888888889,41.239583333333336,2024-12-09
PH_01,pH_Meter,2024,51,After_Automation,36,4,32,1509.9,2,0,2640,20.92652777777778,5.555555555555555,11.11111111111111,41.94166666666667,57.19318181818183,2024-12-16
PH_01,pH_Meter,2024,52,After_Automation,28,5,23,1276.4,1,0,2640,22.077916666666667,3.571428571428571,17.857142857142858,45.58571428571429,48.34848484848485,2024-12-23
PH_01,pH_Meter,2025,1,After_Automation,7,1,6,320.9,0,0,480,22.228571428571428,0.0,14.285714285714285,45.84285714285714,66.85416666666666,2024-12-30
UV_01,UV_Spectrometer,2024,1,Before_Automation,19,4,15,845.8000000000001,1,1,2880,30.034761904761904,5.263157894736842,21.052631578947366,44.515789473684215,29.368055555555557,2024-01-01
UV_01,UV_Spectrometer,2024,2,Before_Automation,14,3,11,628.9,0,0,2640,30.232777777777773,0.0,21.428571428571427,44.92142857142857,23.821969696969695,2024-01-08
UV_01,UV_Spectrometer,2024,3,Before_Automation,10,3,7,512.5999999999999,1,0,2640,32.269444444444446,10.0,30.0,51.25999999999999,19.416666666666664,2024-01-15
UV_01,UV_Spectrometer,2024,4,Before_Automation,18,5,13,861.0,1,1,2640,28.48277777777778,5.555555555555555,27.77777777777778,47.833333333333336,32.61363636363636,2024-01-22
UV_01,UV_Spectrometer,2024,5,Before_Automation,19,7,12,901.1999999999999,1,1,2640,29.20515873015873,5.263157894736842,36.84210526315789,47.431578947368415,34.13636363636363,2024-01-29
UV_01,UV_Spectrometer,2024,6,Before_Automation,26,7,19,1196.4,1,0,2880,30.03047619047619,3.8461538461538463,26.923076923076923,46.01538461538462,41.54166666666667,2024-02-05
UV_01,UV_Spectrometer,2024,7,Before_Automation,12,2,10,598.5,2,1,2160,30.74533333333334,16.666666666666664,16.666666666666664,49.875,27.708333333333336,2024-02-12
UV_01,UV_Spectrometer,2024,8,Before_Automation,16,8,8,631.5,0,0,2880,29.142857142857142,0.0,50.0,39.46875,21.927083333333332,2024-02-19
UV_01,UV_Spectrometer,2024,9,Before_Automation,15,9,6,788.6,1,0,2880,31.276190476190475,6.666666666666667,60.0,52.57333333333334,27.381944444444446,2024-02-26
UV_01,UV_Spectrometer,2024,10,Before_Automation,24,6,18,1174.3,3,0,2880,32.62380952380953,12.5,25.0,48.92916666666667,40.77430555555556,2024-03-04
UV_01,UV_Spectrometer,2024,11,Before_Automation,21,11,10,1007.2,1,0,2400,29.506388888888893,4.761904761904762,52.38095238095239,47.96190476190476,41.96666666666667,2024-03-11
UV_01,UV_Spectrometer,2024,12,Before_Automation,37,14,23,1553.0,0,0,2880,28.188631210059782,0.0,37.83783783783784,41.972972972972975,53.923611111111114,2024-03-18
UV_01,UV_Spectrometer,2024,13,Before_Automation,13,4,9,637.4,0,0,2160,29.506,0.0,30.76923076923077,49.03076923076923,29.509259259259256,2024-03-25
UV_01,UV_Spectrometer,2024,14,Before_Automation,21,8,13,980.8,1,2,2640,29.372222222222224,4.761904761904762,38.095238095238095,46.7047619047619,37.15151515151515,2024-04-01
UV_01,UV_Spectrometer,2024,15,Before_Automation,22,10,12,1018.3,1,0,2400,31.23,4.545454545454546,45.45454545454545,46.28636363636363,42.42916666666666,2024-04-08
UV_01,UV_Spectrometer,2024,16,Before_Automation,16,9,7,760.7,1,0,2640,27.895833333333332,6.25,56.25,47.54375,28.81439393939394,2024-04-15
UV_01,UV_Spectrometer,2024,17,Before_Automation,26,11,15,1216.5,2,0,2880,28.052380952380954,7.6923076923076925,42.30769230769231,46.78846153846154,42.239583333333336,2024-04-22
UV_01,UV_Spectrometer,2024,18,Before_Automation,27,7,20,1137.6999999999998,2,0,2880,29.714795918367347,7.4074074074074066,25.925925925925924,42.13703703703703,39.503472222222214,2024-04-29
UV_01,UV_Spectrometer,2024,19,Before_Automation,24,8,16,1089.2,0,0,2880,30.121904761904762,0.0,33.33333333333333,45.38333333333333,37.81944444444444,2024-05-06
UV_01,UV_Spectrometer,2024,20,Before_Automation,16,10,6,670.1,2,0,2640,28.099999999999998,12.5,62.5,41.88125,25.382575757575758,2024-05-13
UV_01,UV_Spectrometer,2024,21,Before_Automation,28,6,22,1247.1,1,0,2880,30.641190476190477,3.571428571428571,21.428571428571427,44.53928571428571,43.30208333333333,2024-05-20
UV_01,UV_Spectrometer,2024,22,Before_Automation,22,6,16,1033.8,1,0,2640,31.119027777777777,4.545454545454546,27.27272727272727,46.99090909090909,39.15909090909091,2024-05-27
UV_01,UV_Spectrometer,2024,23,Before_Automation,13,6,7,509.5,2,0,2160,28.242,15.384615384615385,46.15384615384615,39.19230769230769,23.587962962962962,2024-06-03
UV_01,UV_Spectrometer,2024,24,Before_Automation,15,6,9,589.3,1,0,2640,30.965277777777775,6.666666666666667,40.0,39.28666666666666,22.321969696969695,2024-06-10
UV_01,UV_Spectrometer,2024,25,Before_Automation,18,8,10,779.2,0,0,2400,31.208333333333332,0.0,44.44444444444444,43.28888888888889,32.46666666666667,2024-06-17
UV_01,UV_Spectrometer,2024,26,Before_Automation,19,11,8,767.6,2,1,2880,27.760714285714283,10.526315789473683,57.89473684210527,40.4,26.652777777777782,2024-06-24
UV_01,UV_Spectrometer,2024,27,After_Automation,25,1,24,1052.2,1,0,2880,22.186904761904763,4.0,4.0,42.088,36.53472222222222,2024-07-01
UV_01,UV_Spectrometer,2024,28,After_Automation,19,2,17,967.8,2,1,2880,22.491666666666667,10.526315789473683,10.526315789473683,50.93684210526315,33.604166666666664,2024-07-08
UV_01,UV_Spectrometer,2024,29,After_Automation,19,2,17,736.1,0,0,2880,23.169285714285714,0.0,10.526315789473683,38.742105263157896,25.559027777777775,2024-07-15
UV_01,UV_Spectrometer,2024,30,After_Automation,18,4,14,785.0,0,0,2640,21.501388888888886,0.0,22.22222222222222,43.611111111111114,29.734848484848484,2024-07-22
UV_01,UV_Spectrometer,2024,31,After_Automation,30,4,26,1361.5,1,0,2880,21.823367346938774,3.3333333333333335,13.333333333333334,45.38333333333333,47.27430555555556,2024-07-29
UV_01,UV_Spectrometer,2024,32,After_Automation,19,3,16,788.2,1,0,2640,22.618055555555557,5.263157894736842,15.789473684210526,41.48421052631579,29.85606060606061,2024-08-05
UV_01,UV_Spectrometer,2024,33,After_Automation,17,2,15,732.1,1,0,2880,25.514285714285712,5.88235294117647,11.76470588235294,43.06470588235294,25.42013888888889,2024-08-12
UV_01,UV_Spectrometer,2024,34,After_Automation,21,3,18,1003.1999999999999,1,0,2880,19.73333333333333,4.761904761904762,14.285714285714285,47.771428571428565,34.833333333333336,2024-08-19
UV_01,UV_Spectrometer,2024,35,After_Automation,26,2,24,1215.6,2,0,2640,22.602777777777778,7.6923076923076925,7.6923076923076925,46.75384615384615,46.04545454545454,2024-08-26
UV_01,UV_Spectrometer,2024,36,After_Automation,20,0,20,911.2,1,1,2640,24.54444444444444,5.0,0.0,45.56,34.515151515151516,2024-09-02
UV_01,UV_Spectrometer,2024,37,After_Automation,28,2,26,1322.9,1,0,2880,20.954591836734693,3.571428571428571,7.142857142857142,47.246428571428574,45.93402777777778,2024-09-09
UV_01,UV_Spectrometer,2024,38,After_Automation,28,5,23,1201.6,1,0,2400,19.95218253968254,3.571428571428571,17.857142857142858,42.91428571428571,50.06666666666666,2024-09-16
UV_01,UV_Spectrometer,2024,39,After_Automation,25,3,22,1093.0,3,0,2880,23.993333333333336,12.0,12.0,43.72,37.951388888888886,2024-09-23
UV_01,UV_Spectrometer,2024,40,After_Automation,28,7,21,1411.8999999999999,1,0,2880,21.27840136054422,3.571428571428571,25.0,50.425,49.02430555555555,2024-09-30
UV_01,UV_Spectrometer,2024,41,After_Automation,31,3,28,1398.8,4,1,2880,23.411598639455782,12.903225806451612,9.67741935483871,45.122580645161285,48.56944444444444,2024-10-07
UV_01,UV_Spectrometer,2024,42,After_Automation,35,9,26,1441.9,1,0,2880,22.52154761904762,2.857142857142857,25.71428571428571,41.19714285714286,50.06597222222222,2024-10-14
UV_01,UV_Spectrometer,2024,43,After_Automation,37,1,36,1651.5,1,0,2640,20.54888888888889,2.7027027027027026,2.7027027027027026,44.63513513513514,62.55681818181819,2024-10-21
UV_01,UV_Spectrometer,2024,44,After_Automation,27,7,20,1242.9,1,0,2640,21.650992063492065,3.7037037037037033,25.925925925925924,46.03333333333334,47.07954545454546,2024-10-28
UV_01,UV_Spectrometer,2024,45,After_Automation,33,4,29,1497.8000000000002,3,0,2640,22.36738095238095,9.090909090909092,12.121212121212121,45.38787878787879,56.734848484848484,2024-11-04
UV_01,UV_Spectrometer,2024,46,After_Automation,32,2,30,1332.6,1,0,2880,22.2871768707483,3.125,6.25,41.64375,46.27083333333333,2024-11-11
UV_01,UV_Spectrometer,2024,47,After_Automation,22,3,19,989.5,2,0,2880,18.978571428571428,9.090909090909092,13.636363636363635,44.97727272727273,34.357638888888886,2024-11-18
UV_01,UV_Spectrometer,2024,48,After_Automation,25,1,24,1196.5,0,0,2640,22.05666666666667,0.0,4.0,47.86,45.3219696969697,2024-11-25
UV_01,UV_Spectrometer,2024,49,After_Automation,21,2,19,933.7,3,1,2400,22.671388888888888,14.285714285714285,9.523809523809524,44.46190476190476,38.90416666666667,2024-12-02
UV_01,UV_Spectrometer,2024,50,After_Automation,20,2,18,898.1,2,0,2640,22.649444444444445,10.0,10.0,44.905,34.0189393939394,2024-12-09
UV_01,UV_Spectrometer,2024,51,After_Automation,23,5,18,999.0000000000001,0,0,2880,21.068571428571428,0.0,21.73913043478261,43.434782608695656,34.68750000000001,2024-12-16
UV_01,UV_Spectrometer,2024,52,After_Automation,20,5,15,988.2,0,0,2640,21.830277777777777,0.0,25.0,49.410000000000004,37.43181818181818,2024-12-23
UV_01,UV_Spectrometer,2025,1,After_Automation,2,0,2,107.4,0,0,480,23.55,0.0,0.0,53.7,22.375,2024-12-30
